feature,mean_importance
EXT_SOURCE_3,-0.009293399695841597
AMT_ANNUITY,-0.008306830930281483
AMT_CREDIT,-0.006476886346635546
POS_CNT_INSTALMENT_FUTURE_MEAN,-0.0045575729624609315
DEBT_RATIO,-0.0033938855900535357
ACTIVE_DAYS_CREDIT_ENDDATE_mean,-0.003152797439147359
PREV_INST_EARLY_PAYMENT_MEAN_MEAN,-0.0022117505121178383
PREV_CCB_AMT_RECIVABLE_MEAN_MEAN,-0.002153204425621502
PREV_CCB_AMT_RECEIVABLE_PRINCIPAL_MEAN_MEAN,-0.0020344059673909286
PREV_AMT_DOWN_PAYMENT_SUM,-0.0020299624282330564
CREDIT_ACTIVE_COUNT_ACTIVE,-0.0019428252013814484
PREV_INST_AMT_PAYMENT_MAX_MAX,-0.001938636632121904
OCCUPATION_TYPE,-0.0017757786342690318
PREV_DAYS_DECISION_MAX,-0.0017751689908301004
ALL_DAYS_CREDIT_ENDDATE_mean,-0.001773127638086258
PREV_CCB_AMT_CREDIT_LIMIT_ACTUAL_MEAN_MEAN,-0.0017130607373331054
PREV_CCB_CNT_DRAWINGS_ATM_CURRENT_MEAN_MEAN,-0.0016817491824853592
ORGANIZATION_TYPE,-0.0015275823043814584
NAME_CONTRACT_TYPE,-0.001522320045142922
CLOSED_DAYS_CREDIT_UPDATE_max,-0.0015022581570445226
ORGANIZATION_CLUSTER,-0.0014640837205019519
NAME_INCOME_TYPE,-0.0014633662138348491
POS_CNT_INSTALMENT_MAX,-0.0014604729792651039
ALL_DAYS_CREDIT_UPDATE_mean,-0.0014383015120881027
PREV_INST_AMT_PAYMENT_SUM_SUM,-0.0014122853175313698
PREV_DAYS_DECISION_MEAN,-0.001318833965084809
FLAG_DOCUMENT_3,-0.0012094376705266362
CLOSED_DAYS_CREDIT_max,-0.0011863069094086188
REGION_RATING_CLIENT_W_CITY,-0.001055531560031664
ALL_DAYS_CREDIT_ENDDATE_max,-0.0010379967379926303
PREV_CCB_CNT_DRAWINGS_CURRENT_MEAN_MEAN,-0.0010204715112468454
ACTIVE_DAYS_CREDIT_max,-0.0010191592135850413
PREV_CCB_AMT_BALANCE_SUM_SUM,-0.0010152793318013887
ALL_DAYS_CREDIT_max,-0.0008957178205082128
PREV_HOUR_APPR_PROCESS_START_MEAN,-0.0008105029223081095
ALL_AMT_CREDIT_SUM_DEBT_mean,-0.0007642152566284643
PREV_INST_PAYMENT_DIFF_MAX_MAX,-0.0007230590810004989
NAME_CLIENT_TYPE_New,-0.0007131264792761049
PREV_INST_EARLY_REPAY_LOAN_MAX_MEAN,-0.0006861183280878258
OWN_CAR_AGE,-0.0006692421668960336
PREV_AMT_CREDIT_MAX,-0.0006665480707962023
PREV_AMT_ANNUITY_MEAN,-0.0006548675166957452
ACTIVE_CREDIT_TYPE_Mortgage,-0.0006522167436747051
ACTIVE_DAYS_CREDIT_mean,-0.000624105003444142
ALL_DAYS_CREDIT_UPDATE_max,-0.0006186994198524864
PREV_INST_AMT_INSTALMENT_MEAN_MEAN,-0.000611014822531919
ALL_AMT_CREDIT_SUM_max,-0.000606273723621209
DAYS_ID_PUBLISH,-0.00059362698292027
PREV_CCB_SK_DPD_DEF_MEAN_MEAN,-0.00056175775948899
REGION_POPULATION_RELATIVE,-0.0005400691872167185
ACTIVE_DAYS_CREDIT_ENDDATE_max,-0.0005239564227810911
ACTIVE_CREDIT_TYPE_Credit card,-0.000493696905712393
ACTIVE_AMT_CREDIT_SUM_LIMIT_sum,-0.0004830813721313332
PREV_INST_AMT_INSTALMENT_MAX_MAX,-0.00047338122911468885
CLOSED_DAYS_CREDIT_ENDDATE_max,-0.00046277944389088165
WEEKDAY_APPR_PROCESS_START_THURSDAY,-0.0004543510910198778
ALL_DAYS_CREDIT_mean,-0.00045127060236180847
ACTIVE_DAYS_CREDIT_min,-0.0004388873129727022
ACTIVE_BB_STATUS_C_sum_sum,-0.00043437501983469853
ALL_BB_MONTHS_BALANCE_min_min,-0.0004299430333880805
PREV_AMT_APPLICATION_MEAN,-0.0004199674384829821
PREV_INST_PAYMENT_DIFF_MEAN_MEAN,-0.000416667254915426
ALL_CREDIT_TYPE_Consumer credit,-0.00041121559094197123
PREV_AMT_GOODS_PRICE_MAX,-0.00040864860978906403
PREV_INST_EARLY_PAYMENT_SUM_SUM,-0.00035160681861119426
ACTIVE_AMT_CREDIT_MAX_OVERDUE_mean,-0.00034945720420529456
CLOSED_BB_STATUS_0_sum_sum,-0.0003125085535382377
ALL_AMT_CREDIT_SUM_sum,-0.00031211405576860864
PREV_CCB_MONTHS_BALANCE_MIN_MIN,-0.0003083796421370133
PREV_AMT_APPLICATION_MAX,-0.00030776874045674863
CLOSED_DAYS_CREDIT_ENDDATE_mean,-0.00030698974286069713
ACTIVE_AMT_CREDIT_SUM_DEBT_mean,-0.0003067614886724135
RECENT_PHONE_CHANGE,-0.0003031727971403608
PREV_CCB_AMT_DRAWINGS_CURRENT_MEAN_MEAN,-0.00029893343468463397
ALL_DAYS_CREDIT_min,-0.0002831072618520336
POS_SK_DPD_SUM,-0.00027857145631280387
POS_CNT_INSTALMENT_FUTURE_MAX,-0.0002773711024758985
ACTIVE_CREDIT_TYPE_Microloan,-0.0002673693764098539
ALL_DAYS_CREDIT_UPDATE_min,-0.000265145599047667
ACTIVE_BB_STATUS_X_sum_sum,-0.00026223397618565516
PREV_INST_DAYS_INSTALMENT_MAX_MAX,-0.0002570538477574269
ALL_BB_STATUS_X_sum_sum,-0.00025666166260640555
CLOSED_CREDIT_TYPE_Credit card,-0.0002488357923484008
ACTIVE_AMT_CREDIT_SUM_LIMIT_mean,-0.00024545131470903313
PREV_AMT_APPLICATION_SUM,-0.000243263186326681
OVERDUE_RATIO,-0.0002342472797157935
CLOSED_CREDIT_TYPE_Consumer credit,-0.0002338858248162934
PREV_CCB_AMT_BALANCE_MEAN_MEAN,-0.00022833987620400896
PREV_RATE_DOWN_PAYMENT_MIN,-0.00022739085845000507
ALL_CREDIT_TYPE_Microloan,-0.0002164419201122314
PREV_HOUR_APPR_PROCESS_START_MAX,-0.00021018359393019104
CLOSED_DAYS_CREDIT_mean,-0.00020935398583201703
ALL_CREDIT_TYPE_Car loan,-0.00020585147086238376
ALL_AMT_ANNUITY_sum,-0.0002023467855728933
CLOSED_AMT_CREDIT_SUM_DEBT_mean,-0.00020196116057265013
POS_SK_DPD_DEF_MAX,-0.00019532392790420073
CREDIT_ACTIVE_COUNT_CLOSED,-0.00019488409028056708
COMMONAREA_MEDI,-0.00018965606955063664
PREV_HOUR_APPR_PROCESS_START_MIN,-0.00018594210579669923
ALL_DAYS_ENDDATE_FACT_max,-0.0001834128442283367
SOLD_DAYS_CREDIT_mean,-0.00017657399796062735
WEEKDAY_APPR_PROCESS_START_MONDAY,-0.00017567349329947746
PREV_AMT_ANNUITY_MAX,-0.00017391077237896013
ACTIVE_AMT_CREDIT_SUM_OVERDUE_mean,-0.00016993139938237256
ALL_CREDIT_TYPE_Credit card,-0.0001600600043900391
PREV_AMT_CREDIT_MEAN,-0.000156622869179901
PREV_INST_NUM_INSTALMENT_NUMBER_COUNT_COUNT,-0.00015322419566472513
ACTIVE_AMT_CREDIT_MAX_OVERDUE_sum,-0.0001511946602317016
NAME_CONTRACT_TYPE_Consumer loans,-0.000150640635807342
ALL_AMT_CREDIT_MAX_OVERDUE_mean,-0.00014443632417755482
CLOSED_AMT_CREDIT_SUM_DEBT_sum,-0.00014131103253025578
CLOSED_AMT_ANNUITY_mean,-0.00012607248632792167
PREV_CCB_CNT_DRAWINGS_POS_CURRENT_MEAN_MEAN,-0.00012385390440519117
LIVINGAREA_MEDI,-0.00012276263102706242
SOLD_AMT_CREDIT_MAX_OVERDUE_mean,-0.00012227890251390595
ALL_DAYS_ENDDATE_FACT_min,-0.00011862391912655922
FLAG_DOCUMENT_8,-0.00011726294524303516
CLOSED_BB_MONTHS_BALANCE_mean_mean,-0.00011517277944759208
PREV_DAYS_DECISION_MIN,-0.0001144826961283929
ALL_BB_STATUS_1_sum_sum,-0.0001051073095329702
ALL_CREDIT_TYPE_Mortgage,-9.660291244562025e-05
DEF_30_CNT_SOCIAL_CIRCLE,-9.649610284341303e-05
LOAN_HISTORY_TYPE,-9.467148237074507e-05
CLOSED_AMT_CREDIT_SUM_mean,-9.340423990089608e-05
POS_SK_DPD_DEF_SUM,-9.233734414100247e-05
CLOSED_DAYS_CREDIT_ENDDATE_min,-8.991118335821557e-05
ALL_BB_STATUS_0_sum_sum,-8.754893135527464e-05
PREV_CCB_CNT_DRAWINGS_CURRENT_SUM_SUM,-8.507451661547983e-05
ALL_CNT_CREDIT_PROLONG_mean,-8.501328237091599e-05
ALL_AMT_ANNUITY_mean,-8.344398643918005e-05
ACTIVE_BB_MONTHS_BALANCE_max_max,-8.231297704897056e-05
POS_CNT_INSTALMENT_MEAN,-7.891361732652591e-05
ACTIVE_AMT_CREDIT_SUM_OVERDUE_sum,-7.863053148224886e-05
ALL_AMT_CREDIT_SUM_OVERDUE_mean,-7.133080416708016e-05
PREV_AMT_ANNUITY_SUM,-7.053135328842775e-05
CLOSED_CREDIT_TYPE_Microloan,-6.960601245158405e-05
REGION_RATING_CLIENT,-6.734097531020389e-05
CLOSED_BB_STATUS_X_sum_sum,-6.631491419111235e-05
FLAG_WORK_PHONE,-6.315376142551621e-05
PREV_CCB_AMT_BALANCE_MAX_MAX,-5.731106689743637e-05
ALL_AMT_CREDIT_SUM_DEBT_sum,-5.521311336320611e-05
BASEMENTAREA_MEDI,-4.830360901033615e-05
AMT_REQ_CREDIT_BUREAU_QRT,-4.820040155928407e-05
ALL_DAYS_CREDIT_ENDDATE_min,-4.814638211696476e-05
PREV_CCB_AMT_CREDIT_LIMIT_ACTUAL_MAX_MAX,-4.716906421302625e-05
PREV_AMT_GOODS_PRICE_SUM,-4.6550223337726845e-05
PREV_INST_DAYS_ENTRY_PAYMENT_MAX_MAX,-4.6387593019847626e-05
ACTIVE_BB_STATUS_0_sum_sum,-4.417524915543147e-05
ACTIVE_DAYS_CREDIT_UPDATE_mean,-4.247055179904535e-05
PREV_CCB_CNT_DRAWINGS_POS_CURRENT_SUM_SUM,-4.175004812501104e-05
ACTIVE_AMT_CREDIT_SUM_sum,-4.1080610136945415e-05
ELEVATORS_MEDI,-3.9668226926603546e-05
CLOSED_AMT_CREDIT_SUM_LIMIT_sum,-3.82240733914907e-05
ALL_AMT_CREDIT_MAX_OVERDUE_sum,-3.705982169019961e-05
CLOSED_AMT_CREDIT_SUM_LIMIT_mean,-3.6587995389214535e-05
PREV_CCB_AMT_DRAWINGS_POS_CURRENT_SUM_SUM,-3.5695829888360285e-05
FLAG_EMP_PHONE,-3.5656695331764964e-05
CLOSED_AMT_ANNUITY_sum,-3.42107102716982e-05
PREV_CCB_AMT_DRAWINGS_CURRENT_SUM_SUM,-3.3284782026865575e-05
PREV_AMT_DOWN_PAYMENT_MAX,-3.044128431091142e-05
WALLSMATERIAL_MODE,-3.0286773093535225e-05
SOLD_BB_STATUS_X_sum_sum,-3.0082665907138483e-05
TOTALAREA_MODE,-3.000748247383722e-05
ACTIVE_CREDIT_TYPE_Car loan,-2.8590960447782977e-05
DAYS_REGISTRATION,-2.8457539845905265e-05
ACTIVE_BB_STATUS_2_sum_sum,-2.6612591910302187e-05
PREV_CCB_SK_DPD_MAX_MAX,-2.6014424200315745e-05
NONLIVINGAPARTMENTS_MEDI,-2.5988438681645577e-05
RATIO_DEF_60,-2.2676309386393533e-05
ALL_AMT_ANNUITY_max,-2.0145606859500732e-05
OBS_30_CNT_SOCIAL_CIRCLE,-1.7215429225281298e-05
CNT_FAM_MEMBERS_CAT,-1.690798558564577e-05
WEEKDAY_APPR_PROCESS_START_FRIDAY,-1.678443182540068e-05
CLOSED_BB_STATUS_1_sum_sum,-1.4757805266163437e-05
NAME_CONTRACT_STATUS_Unused offer,-1.3490204842292464e-05
WEEKDAY_APPR_PROCESS_START_TUESDAY,-1.3072799416113945e-05
OCCUPATION_CLUSTER,-1.2019029765242273e-05
CLOSED_DAYS_CREDIT_min,-1.004717665036292e-05
WEEKDAY_APPR_PROCESS_START_SATURDAY,-8.021548527636924e-06
CNT_CHILDREN_CAT,-7.399049561285231e-06
ACTIVE_BB_STATUS_1_sum_sum,-6.5040210204037056e-06
PREV_INST_PAYMENT_DIFF_STD_STD,-5.43226597080615e-06
NAME_TYPE_SUITE,-5.368668704619494e-06
ENTRANCES_MEDI,-3.618879910938233e-06
POS_SK_DPD_MEAN,-2.514270889686365e-06
SOLD_AMT_CREDIT_SUM_sum,-2.028719011315516e-06
ALL_CREDIT_TYPE_Unknown type of loan,0.0
ALL_CREDIT_TYPE_Real estate loan,0.0
ACTIVE_CREDIT_TYPE_Cash loan (non-earmarked),0.0
ACTIVE_CREDIT_TYPE_Loan for business development,0.0
ACTIVE_CREDIT_TYPE_Another type of loan,0.0
ALL_CREDIT_TYPE_Cash loan (non-earmarked),0.0
ALL_CREDIT_TYPE_Loan for working capital replenishment,0.0
ALL_CREDIT_TYPE_Loan for the purchase of equipment,0.0
ALL_CREDIT_TYPE_Loan for purchase of shares (margin lending),0.0
ALL_CREDIT_TYPE_Loan for business development,0.0
ALL_CREDIT_TYPE_Interbank credit,0.0
ALL_CREDIT_TYPE_Another type of loan,0.0
SOLD_BB_STATUS_C_sum_sum,0.0
SOLD_BB_STATUS_5_sum_sum,0.0
SOLD_BB_STATUS_4_sum_sum,0.0
SOLD_BB_STATUS_3_sum_sum,0.0
SOLD_BB_STATUS_2_sum_sum,0.0
SOLD_BB_STATUS_1_sum_sum,0.0
SOLD_BB_STATUS_0_sum_sum,0.0
SOLD_BB_MONTHS_BALANCE_mean_mean,0.0
ALL_CREDIT_TYPE_Mobile operator loan,0.0
ACTIVE_CREDIT_TYPE_Loan for purchase of shares (margin lending),0.0
CLOSED_CREDIT_TYPE_Loan for business development,0.0
ACTIVE_CREDIT_TYPE_Loan for working capital replenishment,0.0
PREV_CCB_SK_DPD_DEF_MAX_MAX,0.0
SOLD_CREDIT_TYPE_Car loan,0.0
SOLD_CREDIT_TYPE_Cash loan (non-earmarked),0.0
SOLD_CREDIT_TYPE_Consumer credit,0.0
SOLD_CREDIT_TYPE_Credit card,0.0
SOLD_CREDIT_TYPE_Loan for business development,0.0
SOLD_CREDIT_TYPE_Another type of loan,0.0
SOLD_CREDIT_TYPE_Loan for working capital replenishment,0.0
SOLD_CREDIT_TYPE_Mortgage,0.0
SOLD_CREDIT_TYPE_Real estate loan,0.0
CREDIT_ACTIVE_COUNT_BAD DEBT,0.0
PREV_CCB_SK_DPD_MEAN_MEAN,0.0
CREDIT_ACTIVE_COUNT_SOLD,0.0
PREV_CCB_AMT_TOTAL_RECEIVABLE_MAX_MAX,0.0
SOLD_CREDIT_TYPE_Microloan,0.0
CLOSED_CREDIT_TYPE_Unknown type of loan,0.0
CLOSED_CREDIT_TYPE_Real estate loan,0.0
CLOSED_CREDIT_TYPE_Mortgage,0.0
NAME_CONTRACT_TYPE_XNA,0.0
ACTIVE_CREDIT_TYPE_Mobile operator loan,0.0
NAME_CLIENT_TYPE_XNA,0.0
NAME_PAYMENT_TYPE_Non-cash from your account,0.0
ACTIVE_CREDIT_TYPE_Real estate loan,0.0
ACTIVE_CREDIT_TYPE_Unknown type of loan,0.0
CLOSED_CREDIT_TYPE_Another type of loan,0.0
CLOSED_CREDIT_TYPE_Car loan,0.0
NAME_PAYMENT_TYPE_Cashless from the account of the employer,0.0
CLOSED_CREDIT_TYPE_Cash loan (non-earmarked),0.0
CLOSED_CREDIT_TYPE_Interbank credit,0.0
SOLD_BB_MONTHS_BALANCE_max_max,0.0
CLOSED_CREDIT_TYPE_Loan for purchase of shares (margin lending),0.0
CLOSED_CREDIT_TYPE_Loan for the purchase of equipment,0.0
CLOSED_CREDIT_TYPE_Loan for working capital replenishment,0.0
ACTIVE_CREDIT_TYPE_Loan for the purchase of equipment,0.0
SOLD_BB_MONTHS_BALANCE_min_min,0.0
SOLD_DAYS_CREDIT_ENDDATE_max,0.0
SOLD_AMT_ANNUITY_sum,0.0
CLOSED_AMT_CREDIT_SUM_OVERDUE_max,0.0
CLOSED_AMT_CREDIT_SUM_OVERDUE_mean,0.0
CLOSED_AMT_CREDIT_SUM_OVERDUE_sum,0.0
LIVE_REGION_NOT_WORK_REGION,0.0
ALL_BB_STATUS_2_sum_sum,0.0
CLOSED_CNT_CREDIT_PROLONG_sum,0.0
CLOSED_CREDIT_DAY_OVERDUE_sum,0.0
CLOSED_CREDIT_DAY_OVERDUE_mean,0.0
CLOSED_CREDIT_DAY_OVERDUE_max,0.0
ACTIVE_BB_STATUS_5_sum_sum,0.0
ACTIVE_BB_STATUS_4_sum_sum,0.0
ACTIVE_BB_STATUS_3_sum_sum,0.0
HOUSETYPE_MODE,0.0
EMERGENCYSTATE_MODE,0.0
FLAG_DOCUMENT_5,0.0
ORG_PREFIX_GROUP,0.0
ALL_CREDIT_DAY_OVERDUE_max,0.0
ALL_BB_STATUS_3_sum_sum,0.0
ALL_BB_STATUS_4_sum_sum,0.0
ALL_BB_STATUS_5_sum_sum,0.0
ACTIVE_CREDIT_DAY_OVERDUE_max,0.0
ALL_AMT_CREDIT_SUM_OVERDUE_max,0.0
ACTIVE_CREDIT_DAY_OVERDUE_mean,0.0
REG_REGION_NOT_WORK_REGION,0.0
ACTIVE_CREDIT_DAY_OVERDUE_sum,0.0
ACTIVE_DAYS_ENDDATE_FACT_min,0.0
ACTIVE_DAYS_ENDDATE_FACT_max,0.0
ACTIVE_DAYS_ENDDATE_FACT_mean,0.0
ALL_CNT_CREDIT_PROLONG_sum,0.0
ACTIVE_CNT_CREDIT_PROLONG_sum,0.0
ALL_CREDIT_DAY_OVERDUE_mean,0.0
SOLD_AMT_ANNUITY_max,0.0
REG_REGION_NOT_LIVE_REGION,0.0
LIVE_CITY_NOT_WORK_CITY,0.0
SOLD_CREDIT_DAY_OVERDUE_max,0.0
SOLD_CNT_CREDIT_PROLONG_mean,0.0
SOLD_CNT_CREDIT_PROLONG_sum,0.0
SOLD_AMT_CREDIT_MAX_OVERDUE_sum,0.0
SOLD_AMT_CREDIT_SUM_DEBT_sum,0.0
SOLD_AMT_CREDIT_SUM_DEBT_mean,0.0
FLAG_CONT_MOBILE,0.0
SOLD_AMT_CREDIT_SUM_LIMIT_sum,0.0
SOLD_DAYS_ENDDATE_FACT_mean,0.0
SOLD_DAYS_ENDDATE_FACT_max,0.0
SOLD_DAYS_ENDDATE_FACT_min,0.0
SOLD_DAYS_CREDIT_ENDDATE_mean,0.0
SOLD_AMT_CREDIT_SUM_LIMIT_mean,0.0
SOLD_CREDIT_DAY_OVERDUE_sum,0.0
SOLD_CREDIT_DAY_OVERDUE_mean,0.0
SOLD_AMT_CREDIT_SUM_max,0.0
SOLD_AMT_CREDIT_SUM_mean,0.0
SOLD_AMT_CREDIT_SUM_OVERDUE_sum,0.0
SOLD_AMT_ANNUITY_mean,0.0
SOLD_DAYS_CREDIT_UPDATE_mean,0.0
CLOSED_BB_STATUS_3_sum_sum,0.0
CLOSED_BB_STATUS_4_sum_sum,0.0
CLOSED_BB_STATUS_5_sum_sum,0.0
SOLD_DAYS_CREDIT_UPDATE_max,0.0
FLAG_MOBIL,0.0
SOLD_DAYS_CREDIT_max,0.0
SOLD_AMT_CREDIT_SUM_OVERDUE_max,0.0
SOLD_AMT_CREDIT_SUM_OVERDUE_mean,0.0
SOLD_DAYS_CREDIT_UPDATE_min,0.0
PREV_CCB_CNT_DRAWINGS_ATM_CURRENT_SUM_SUM,3.305254817753678e-06
FLAG_EMAIL,3.905828936701106e-06
PREV_CCB_AMT_RECEIVABLE_PRINCIPAL_MAX_MAX,5.040625370500429e-06
CLOSED_AMT_CREDIT_MAX_OVERDUE_mean,5.543632064397563e-06
SOLD_DAYS_CREDIT_min,5.791286913225946e-06
PREV_INST_NUM_INSTALMENT_VERSION_NUNIQUE_NUNIQUE,7.388871727487256e-06
PREV_CCB_MONTHS_BALANCE_MAX_MAX,9.070817421563681e-06
DEF_60_CNT_SOCIAL_CIRCLE,1.0116180768804384e-05
APARTMENTS_MEDI,1.045105677750513e-05
ALL_BB_MONTHS_BALANCE_max_max,1.0611285604533727e-05
REG_CITY_NOT_WORK_CITY,1.2500153573036243e-05
ALL_BB_STATUS_C_sum_sum,1.390449536127214e-05
LANDAREA_MEDI,1.5658583650579593e-05
PREV_AMT_GOODS_PRICE_MEAN,1.622185009109156e-05
PREV_CCB_SK_DPD_SUM_SUM,1.7751539910992874e-05
POS_SK_DPD_MAX,2.0668500584131166e-05
CLOSED_BB_STATUS_2_sum_sum,2.2302294271892008e-05
ACTIVE_CNT_CREDIT_PROLONG_mean,2.3968534298557388e-05
PREV_CCB_AMT_DRAWINGS_ATM_CURRENT_SUM_SUM,2.5569154863003262e-05
NAME_HOUSING_TYPE,3.007453254502135e-05
NAME_CLIENT_TYPE_Repeater,3.014733973749628e-05
FLAG_DOCUMENT_6,3.021224679702339e-05
AMT_REQ_CREDIT_BUREAU_MON,3.0247247554848755e-05
CLOSED_AMT_CREDIT_MAX_OVERDUE_sum,3.0563955284423904e-05
PREV_INST_DAYS_INSTALMENT_MIN_MIN,3.070855581588372e-05
AMT_REQ_CREDIT_BUREAU_DAY,3.1636410985336204e-05
PREV_CCB_AMT_RECIVABLE_MAX_MAX,3.945178197148902e-05
FLOORSMAX_MEDI,4.101627364136995e-05
PREV_CCB_AMT_DRAWINGS_ATM_CURRENT_MEAN_MEAN,4.162199328627825e-05
ACTIVE_AMT_ANNUITY_sum,4.243375225467805e-05
CLOSED_CNT_CREDIT_PROLONG_mean,4.3097959412397026e-05
PREV_CCB_MONTHS_BALANCE_MEAN_MEAN,4.607939660596916e-05
ACTIVE_AMT_ANNUITY_max,4.673000703940833e-05
ACTIVE_DAYS_CREDIT_ENDDATE_min,4.762947791145944e-05
ALL_CREDIT_DAY_OVERDUE_sum,5.056600394082178e-05
WEEKDAY_APPR_PROCESS_START_SUNDAY,5.4656890697546426e-05
FONDKAPREMONT_MODE,5.486030818031562e-05
SOLD_AMT_CREDIT_MAX_OVERDUE_max,5.702418306485768e-05
ALL_AMT_CREDIT_SUM_mean,5.942083663477149e-05
ALL_BB_MONTHS_BALANCE_mean_mean,6.140072982294687e-05
FLAG_OWN_REALTY,6.699034244990187e-05
PREV_INST_PAYMENT_PERC_MEAN_MEAN,6.851264310736571e-05
FLAG_PHONE,6.912212568830345e-05
YEARS_BEGINEXPLUATATION_MEDI,6.917578022351823e-05
CLOSED_AMT_CREDIT_MAX_OVERDUE_max,6.985688379124166e-05
CLOSED_DAYS_ENDDATE_FACT_min,7.604836051746666e-05
SOLD_DAYS_CREDIT_ENDDATE_min,7.972326575327316e-05
ACTIVE_AMT_ANNUITY_mean,8.043610583627903e-05
WEEKDAY_APPR_PROCESS_START_WEDNESDAY,8.201313187117254e-05
FLAG_GOODS_GT_CREDIT,8.213578262818987e-05
OBS_60_CNT_SOCIAL_CIRCLE,8.263078068113661e-05
PREV_CCB_AMT_PAYMENT_CURRENT_MEAN_MEAN,9.692800975598103e-05
PREV_INST_DPD_MAX_MAX,9.790059606702428e-05
PREV_CCB_AMT_TOTAL_RECEIVABLE_MEAN_MEAN,9.797474913812998e-05
CLOSED_DAYS_CREDIT_UPDATE_min,0.00010146807895048405
NAME_PAYMENT_TYPE_Cash through the bank,0.00010368769443394043
PREV_CCB_SK_DPD_DEF_SUM_SUM,0.00010670944206794263
NAME_CONTRACT_TYPE_Revolving loans,0.0001087805111713136
NAME_CLIENT_TYPE_Refreshed,0.0001089194857525344
CLOSED_BB_MONTHS_BALANCE_min_min,0.00011092606232518954
CLOSED_DAYS_CREDIT_UPDATE_mean,0.000114401802087305
NAME_CONTRACT_STATUS_Canceled,0.00011496710919789432
NAME_CONTRACT_STATUS_Approved,0.00012306357690188284
AMT_REQ_CREDIT_BUREAU_YEAR,0.00012684646052087966
ACTIVE_BB_MONTHS_BALANCE_min_min,0.0001332723027916316
CLOSED_BB_STATUS_C_sum_sum,0.00013351151666496364
FLOORSMIN_MEDI,0.00013584657002443378
ACTIVE_AMT_CREDIT_SUM_OVERDUE_max,0.00014010510404187658
CLOSED_AMT_ANNUITY_max,0.0001439076428074282
ACTIVE_AMT_CREDIT_SUM_DEBT_sum,0.0001443411705812192
NONLIVINGAREA_MEDI,0.00014681999670023148
CLOSED_DAYS_ENDDATE_FACT_mean,0.0001486768409366457
BUREAU_LOAN_COUNT,0.0001575277249331153
PREV_INST_AMT_INSTALMENT_SUM_SUM,0.00016335261156745772
AMT_REQ_CREDIT_BUREAU_WEEK,0.00016698574658926545
LIVINGAPARTMENTS_MEDI,0.00016920985697181922
ACTIVE_BB_MONTHS_BALANCE_mean_mean,0.00018516554982439537
PREV_INST_PAYMENT_DIFF_MIN_MIN,0.00018547106402346802
PREV_CCB_AMT_PAYMENT_CURRENT_SUM_SUM,0.00018668264376613396
NAME_CONTRACT_TYPE_Cash loans,0.0001868967422626655
PREV_INST_DAYS_ENTRY_PAYMENT_MEAN_MEAN,0.00019386039451230186
NAME_PAYMENT_TYPE_XNA,0.00020140517145195158
POS_SK_DPD_DEF_MEAN,0.00020966227387915205
PREV_AMT_CREDIT_SUM,0.0002426854679653312
ACTIVE_DAYS_CREDIT_UPDATE_max,0.0002463479773781918
PREV_RATE_DOWN_PAYMENT_MAX,0.000268405458976817
CLOSED_AMT_CREDIT_SUM_max,0.0002843734030215872
ACTIVE_DAYS_CREDIT_UPDATE_min,0.0002900977629652246
TOTAL_BUREAU_REQUESTS,0.0002902368821323442
CLOSED_AMT_CREDIT_SUM_sum,0.0003239574173967474
PREV_CCB_AMT_PAYMENT_TOTAL_CURRENT_MEAN_MEAN,0.0003379537075892225
POS_MONTHS_BALANCE_MIN,0.0003425785367795253
CLOSED_BB_MONTHS_BALANCE_max_max,0.0003608459703444922
ALL_DAYS_ENDDATE_FACT_mean,0.0003649138562521248
AMT_INCOME_TOTAL,0.00036921174943940207
ALL_AMT_CREDIT_SUM_OVERDUE_sum,0.000372542152905897
PREV_CCB_AMT_DRAWINGS_POS_CURRENT_MEAN_MEAN,0.00038358233163846565
ALL_AMT_CREDIT_SUM_LIMIT_mean,0.0003972701668310874
RATIO_DEF_30,0.00041196341339873045
CLOSED_DAYS_ENDDATE_FACT_max,0.0004146443532097033
PREV_INST_DAYS_INSTALMENT_MEAN_MEAN,0.0004841017521295399
ACTIVE_AMT_CREDIT_MAX_OVERDUE_max,0.00048597290306462426
EXT_SOURCE_1,0.0004933913833375491
PREV_INST_AMT_PAYMENT_MEAN_MEAN,0.0004950633872279786
ACTIVE_CREDIT_TYPE_Consumer credit,0.0004979198871412072
DEBT_TO_INCOME_RATIO,0.0005377493202483707
PREV_INST_PAYMENT_PERC_STD_STD,0.000568763183514398
ALL_AMT_CREDIT_MAX_OVERDUE_max,0.0005729638242569557
PREV_CCB_AMT_PAYMENT_TOTAL_CURRENT_SUM_SUM,0.0005750280832967248
PREV_RATE_DOWN_PAYMENT_MEAN,0.0006419196946044981
ACTIVE_AMT_CREDIT_SUM_max,0.0006980919917543904
ACTIVE_AMT_CREDIT_SUM_mean,0.0007003162909363869
PREV_AMT_DOWN_PAYMENT_MEAN,0.000701374358710205
POS_MONTHS_BALANCE_MEAN,0.0007971839283264836
PREV_INST_DAYS_ENTRY_PAYMENT_MIN_MIN,0.0008046549860017072
YEARS_BUILD_MEDI,0.0009421895881373876
FLAG_OWN_CAR,0.0011059440150329668
PREV_INST_DPD_MEAN_MEAN,0.0012175115590384645
REG_CITY_NOT_LIVE_CITY,0.0012537192808658836
DAYS_EMPLOYED,0.0012785341386440051
ALL_AMT_CREDIT_SUM_LIMIT_sum,0.0014724115338558663
PREV_INST_DPD_SUM_SUM,0.001559685406091038
NAME_FAMILY_STATUS,0.0016411214664755925
POS_MONTHS_BALANCE_MAX,0.0020574718092589038
EDUCATION_LEVEL,0.0022866025096365704
PREV_INST_NUM_INSTALMENT_NUMBER_MAX_MAX,0.0023600780478189474
NAME_CONTRACT_STATUS_Refused,0.0027911799165792673
CODE_GENDER,0.0033170287223262653
EXT_SOURCE_2,0.00476886391832676
AGE,0.005726256153342724
AMT_GOODS_PRICE,0.008642882752453951
